grant_title,id,organization,total_amount,group,Grantstartdate,start_month,start_day,start_year
Lights_Power,1,Lights_Power,1919,1,06/06/2016,06,06,1
Lights_Power,2,Lights_Power,0,2,06/06/2016,06,06,1
Lights_Power,3,Lights_Power,3799,3,06/06/2016,06,06,1
Lights_Power,4,Lights_Power,640,4,06/06/2016,06,06,1
Lights_Power,5,Lights_Power,0,5,06/06/2016,06,06,1
Lights_Power,6,Lights_Power,1519,7,06/06/2016,06,06,1
Lights_Power,7,Lights_Power,2542,8B,06/06/2016,06,06,1
Lights_Power,8,Lights_Power,1967,8A,06/06/2016,06,06,1
Equipment_Power,9,Equipment_Power,1344,1,06/06/2016,06,06,1
Equipment_Power,10,Equipment_Power,378,2,06/06/2016,06,06,1
Equipment_Power,11,Equipment_Power,2659,3,06/06/2016,06,06,1
Equipment_Power,12,Equipment_Power,448,4,06/06/2016,06,06,1
Equipment_Power,13,Equipment_Power,135,5,06/06/2016,06,06,1
Equipment_Power,14,Equipment_Power,1064,7,06/06/2016,06,06,1
Equipment_Power,15,Equipment_Power,1463,8A,06/06/2016,06,06,1
Equipment_Power,16,Equipment_Power,1890,8B,06/06/2016,06,06,1
Thermostat_Temp,17,Thermostat_Temp,24,1,06/06/2016,06,06,1
Thermostat_Temp,18,Thermostat_Temp,24,2,06/06/2016,06,06,1
Thermostat_Temp,19,Thermostat_Temp,25,3,06/06/2016,06,06,1
Thermostat_Temp,20,Thermostat_Temp,24,4,06/06/2016,06,06,1
Thermostat_Temp,21,Thermostat_Temp,24,5,06/06/2016,06,06,1
Thermostat_Temp,22,Thermostat_Temp,22,7,06/06/2016,06,06,1
Thermostat_Temp,23,Thermostat_Temp,25,8A,06/06/2016,06,06,1
Thermostat_Temp,24,Thermostat_Temp,24,8B,06/06/2016,06,06,1
Thermostat_Heating_S,25,Thermostat_Heating_S,21,1,06/06/2016,06,06,1
Thermostat_Heating_S,26,Thermostat_Heating_S,21,2,06/06/2016,06,06,1
Thermostat_Heating_S,27,Thermostat_Heating_S,21,3,06/06/2016,06,06,1
Thermostat_Heating_S,28,Thermostat_Heating_S,13,4,06/06/2016,06,06,1
Thermostat_Heating_S,29,Thermostat_Heating_S,21,5,06/06/2016,06,06,1
Thermostat_Heating_S,30,Thermostat_Heating_S,13,7,06/06/2016,06,06,1
Thermostat_Heating_S,31,Thermostat_Heating_S,21,8A,06/06/2016,06,06,1
Thermostat_Heating_S,32,Thermostat_Heating_S,21,8B,06/06/2016,06,06,1
Thermostat_Cooling_S,33,Thermostat_Cooling_S,24,1,06/06/2016,06,06,1
Thermostat_Cooling_S,34,Thermostat_Cooling_S,24,2,06/06/2016,06,06,1
Thermostat_Cooling_S,35,Thermostat_Cooling_S,24,3,06/06/2016,06,06,1
Thermostat_Cooling_S,36,Thermostat_Cooling_S,24,5,06/06/2016,06,06,1
Thermostat_Cooling_S,37,Thermostat_Cooling_S,16,4,06/06/2016,06,06,1
Thermostat_Cooling_S,38,Thermostat_Cooling_S,16,7,06/06/2016,06,06,1
Thermostat_Cooling_S,39,Thermostat_Cooling_S,24,8A,06/06/2016,06,06,1
VAV_REHEAT_Damper_P,40,VAV_REHEAT_Damper_P,1,1,06/06/2016,06,06,1
Thermostat_Cooling_S,41,Thermostat_Cooling_S,24,8B,06/06/2016,06,06,1
VAV_REHEAT_Damper_P,42,VAV_REHEAT_Damper_P,0,2,06/06/2016,06,06,1
VAV_REHEAT_Damper_P,43,VAV_REHEAT_Damper_P,1,3,06/06/2016,06,06,1
VAV_REHEAT_Damper_P,44,VAV_REHEAT_Damper_P,1,4,06/06/2016,06,06,1
VAV_REHEAT_Damper_P,45,VAV_REHEAT_Damper_P,0,5,06/06/2016,06,06,1
VAV_REHEAT_Damper_P,46,VAV_REHEAT_Damper_P,1,7,06/06/2016,06,06,1
VAV_REHEAT_Damper_P,47,VAV_REHEAT_Damper_P,1,8A,06/06/2016,06,06,1
VAV_REHEAT_Damper_P,48,VAV_REHEAT_Damper_P,1,8B,06/06/2016,06,06,1
REHEAT_COIL_Power,49,REHEAT_COIL_Power,0,1,06/06/2016,06,06,1
REHEAT_COIL_Power,50,REHEAT_COIL_Power,0,2,06/06/2016,06,06,1
REHEAT_COIL_Power,51,REHEAT_COIL_Power,0,3,06/06/2016,06,06,1
REHEAT_COIL_Power,52,REHEAT_COIL_Power,0,4,06/06/2016,06,06,1
REHEAT_COIL_Power,53,REHEAT_COIL_Power,0,5,06/06/2016,06,06,1
REHEAT_COIL_Power,54,REHEAT_COIL_Power,0,7,06/06/2016,06,06,1
REHEAT_COIL_Power,55,REHEAT_COIL_Power,0,8A,06/06/2016,06,06,1
REHEAT_COIL_Power,56,REHEAT_COIL_Power,0,8B,06/06/2016,06,06,1
RETURN_OUTLET_CO2,57,RETURN_OUTLET_CO2,591,1,06/06/2016,06,06,1
RETURN_OUTLET_CO2,58,RETURN_OUTLET_CO2,1130,2,06/06/2016,06,06,1
RETURN_OUTLET_CO2,59,RETURN_OUTLET_CO2,1202,3,06/06/2016,06,06,1
RETURN_OUTLET_CO2,60,RETURN_OUTLET_CO2,1226,4,06/06/2016,06,06,1
RETURN_OUTLET_CO2,61,RETURN_OUTLET_CO2,1831,5,06/06/2016,06,06,1
RETURN_OUTLET_CO2,62,RETURN_OUTLET_CO2,1212,7,06/06/2016,06,06,1
RETURN_OUTLET_CO2,63,RETURN_OUTLET_CO2,539,8A,06/06/2016,06,06,1
RETURN_OUTLET_CO2,64,RETURN_OUTLET_CO2,1156,8B,06/06/2016,06,06,1
SUPPLY_INLET_T,65,SUPPLY_INLET_T,13,1,06/06/2016,06,06,1
SUPPLY_INLET_T,66,SUPPLY_INLET_T,13,2,06/06/2016,06,06,1
SUPPLY_INLET_T,67,SUPPLY_INLET_T,13,3,06/06/2016,06,06,1
SUPPLY_INLET_T,68,SUPPLY_INLET_T,13,5,06/06/2016,06,06,1
SUPPLY_INLET_T,69,SUPPLY_INLET_T,13,4,06/06/2016,06,06,1
SUPPLY_INLET_T,70,SUPPLY_INLET_T,13,7,06/06/2016,06,06,1
SUPPLY_INLET_T,71,SUPPLY_INLET_T,13,8B,06/06/2016,06,06,1
SUPPLY_INLET_T,72,SUPPLY_INLET_T,13,8A,06/06/2016,06,06,1
SUPPLY_INLET_M,73,SUPPLY_INLET_M,0,1,06/06/2016,06,06,1
SUPPLY_INLET_M,74,SUPPLY_INLET_M,0,3,06/06/2016,06,06,1
SUPPLY_INLET_M,75,SUPPLY_INLET_M,0,2,06/06/2016,06,06,1
SUPPLY_INLET_M,76,SUPPLY_INLET_M,0,4,06/06/2016,06,06,1
SUPPLY_INLET_M,77,SUPPLY_INLET_M,0,5,06/06/2016,06,06,1
SUPPLY_INLET_M,78,SUPPLY_INLET_M,0,7,06/06/2016,06,06,1
SUPPLY_INLET_M,79,SUPPLY_INLET_M,0,8A,06/06/2016,06,06,1
Mechanical_Ventilation_M,80,Mechanical_Ventilation_M,0,1,06/06/2016,06,06,1
SUPPLY_INLET_M,81,SUPPLY_INLET_M,0,8B,06/06/2016,06,06,1
Lights_Power,82,Lights_Power,1008,10,06/06/2016,06,06,2
Lights_Power,83,Lights_Power,320,1,06/06/2016,06,06,2
Lights_Power,84,Lights_Power,280,11,06/06/2016,06,06,2
Lights_Power,85,Lights_Power,1368,12B,06/06/2016,06,06,2
Lights_Power,86,Lights_Power,720,12A,06/06/2016,06,06,2
Lights_Power,87,Lights_Power,1303,12C,06/06/2016,06,06,2
Lights_Power,88,Lights_Power,0,14,06/06/2016,06,06,2
Lights_Power,89,Lights_Power,280,15,06/06/2016,06,06,2
Lights_Power,90,Lights_Power,0,16,06/06/2016,06,06,2
Lights_Power,91,Lights_Power,2463,2,06/06/2016,06,06,2
Lights_Power,92,Lights_Power,0,3,06/06/2016,06,06,2
Lights_Power,93,Lights_Power,1200,4,06/06/2016,06,06,2
Lights_Power,94,Lights_Power,0,5,06/06/2016,06,06,2
Lights_Power,95,Lights_Power,2463,6,06/06/2016,06,06,2
Lights_Power,96,Lights_Power,320,7,06/06/2016,06,06,2
Lights_Power,97,Lights_Power,1200,8,06/06/2016,06,06,2
Equipment_Power,98,Equipment_Power,224,1,06/06/2016,06,06,2
Lights_Power,99,Lights_Power,1675,9,06/06/2016,06,06,2
Equipment_Power,100,Equipment_Power,705,10,06/06/2016,06,06,2
Equipment_Power,101,Equipment_Power,196,11,06/06/2016,06,06,2
Equipment_Power,102,Equipment_Power,535,12A,06/06/2016,06,06,2
Equipment_Power,103,Equipment_Power,1017,12B,06/06/2016,06,06,2
Equipment_Power,104,Equipment_Power,968,12C,06/06/2016,06,06,2
Equipment_Power,105,Equipment_Power,135,14,06/06/2016,06,06,2
Equipment_Power,106,Equipment_Power,196,15,06/06/2016,06,06,2
Equipment_Power,107,Equipment_Power,135,16,06/06/2016,06,06,2
Equipment_Power,108,Equipment_Power,1724,2,06/06/2016,06,06,2
Equipment_Power,109,Equipment_Power,45,3,06/06/2016,06,06,2
Equipment_Power,110,Equipment_Power,840,4,06/06/2016,06,06,2
Equipment_Power,111,Equipment_Power,45,5,06/06/2016,06,06,2
Equipment_Power,112,Equipment_Power,1724,6,06/06/2016,06,06,2
Equipment_Power,113,Equipment_Power,224,7,06/06/2016,06,06,2
Equipment_Power,114,Equipment_Power,840,8,06/06/2016,06,06,2
Equipment_Power,115,Equipment_Power,1173,9,06/06/2016,06,06,2
Thermostat_Temp,116,Thermostat_Temp,24,1,06/06/2016,06,06,2
Thermostat_Temp,117,Thermostat_Temp,24,10,06/06/2016,06,06,2
Thermostat_Temp,118,Thermostat_Temp,24,11,06/06/2016,06,06,2
Thermostat_Temp,119,Thermostat_Temp,24,12A,06/06/2016,06,06,2
Thermostat_Temp,120,Thermostat_Temp,24,12B,06/06/2016,06,06,2
Thermostat_Temp,121,Thermostat_Temp,24,12C,06/06/2016,06,06,2
Thermostat_Temp,122,Thermostat_Temp,24,14,06/06/2016,06,06,2
Thermostat_Temp,123,Thermostat_Temp,24,15,06/06/2016,06,06,2
Thermostat_Temp,124,Thermostat_Temp,24,16,06/06/2016,06,06,2
Thermostat_Temp,125,Thermostat_Temp,24,2,06/06/2016,06,06,2
Thermostat_Temp,126,Thermostat_Temp,24,3,06/06/2016,06,06,2
Thermostat_Temp,127,Thermostat_Temp,24,4,06/06/2016,06,06,2
Thermostat_Temp,128,Thermostat_Temp,24,5,06/06/2016,06,06,2
Thermostat_Temp,129,Thermostat_Temp,24,7,06/06/2016,06,06,2
Thermostat_Temp,130,Thermostat_Temp,24,6,06/06/2016,06,06,2
Thermostat_Temp,131,Thermostat_Temp,24,8,06/06/2016,06,06,2
Thermostat_Temp,132,Thermostat_Temp,24,9,06/06/2016,06,06,2
Thermostat_Heating_S,133,Thermostat_Heating_S,21,1,06/06/2016,06,06,2
Thermostat_Heating_S,134,Thermostat_Heating_S,21,10,06/06/2016,06,06,2
Thermostat_Heating_S,135,Thermostat_Heating_S,21,11,06/06/2016,06,06,2
Thermostat_Heating_S,136,Thermostat_Heating_S,21,12A,06/06/2016,06,06,2
Thermostat_Heating_S,137,Thermostat_Heating_S,21,12B,06/06/2016,06,06,2
Thermostat_Heating_S,138,Thermostat_Heating_S,21,12C,06/06/2016,06,06,2
Thermostat_Heating_S,139,Thermostat_Heating_S,21,14,06/06/2016,06,06,2
Thermostat_Heating_S,140,Thermostat_Heating_S,21,15,06/06/2016,06,06,2
Thermostat_Heating_S,141,Thermostat_Heating_S,21,2,06/06/2016,06,06,2
Thermostat_Heating_S,142,Thermostat_Heating_S,21,16,06/06/2016,06,06,2
Thermostat_Heating_S,143,Thermostat_Heating_S,21,3,06/06/2016,06,06,2
Thermostat_Heating_S,144,Thermostat_Heating_S,21,4,06/06/2016,06,06,2
Thermostat_Heating_S,145,Thermostat_Heating_S,21,6,06/06/2016,06,06,2
Thermostat_Heating_S,146,Thermostat_Heating_S,21,5,06/06/2016,06,06,2
Thermostat_Heating_S,147,Thermostat_Heating_S,21,7,06/06/2016,06,06,2
Thermostat_Heating_S,148,Thermostat_Heating_S,21,8,06/06/2016,06,06,2
Thermostat_Cooling_S,149,Thermostat_Cooling_S,24,1,06/06/2016,06,06,2
Thermostat_Heating_S,150,Thermostat_Heating_S,21,9,06/06/2016,06,06,2
Thermostat_Cooling_S,151,Thermostat_Cooling_S,24,10,06/06/2016,06,06,2
Thermostat_Cooling_S,152,Thermostat_Cooling_S,24,11,06/06/2016,06,06,2
Thermostat_Cooling_S,153,Thermostat_Cooling_S,24,12A,06/06/2016,06,06,2
Thermostat_Cooling_S,154,Thermostat_Cooling_S,24,12B,06/06/2016,06,06,2
Thermostat_Cooling_S,155,Thermostat_Cooling_S,24,12C,06/06/2016,06,06,2
Thermostat_Cooling_S,156,Thermostat_Cooling_S,24,14,06/06/2016,06,06,2
Thermostat_Cooling_S,157,Thermostat_Cooling_S,24,15,06/06/2016,06,06,2
Thermostat_Cooling_S,158,Thermostat_Cooling_S,24,16,06/06/2016,06,06,2
Thermostat_Cooling_S,159,Thermostat_Cooling_S,24,2,06/06/2016,06,06,2
Thermostat_Cooling_S,160,Thermostat_Cooling_S,24,3,06/06/2016,06,06,2
Thermostat_Cooling_S,161,Thermostat_Cooling_S,24,4,06/06/2016,06,06,2
Thermostat_Cooling_S,162,Thermostat_Cooling_S,24,5,06/06/2016,06,06,2
Thermostat_Cooling_S,163,Thermostat_Cooling_S,24,6,06/06/2016,06,06,2
Thermostat_Cooling_S,164,Thermostat_Cooling_S,24,7,06/06/2016,06,06,2
Thermostat_Cooling_S,165,Thermostat_Cooling_S,24,8,06/06/2016,06,06,2
Thermostat_Cooling_S,166,Thermostat_Cooling_S,24,9,06/06/2016,06,06,2
VAV_REHEAT_Damper_P,167,VAV_REHEAT_Damper_P,1,1,06/06/2016,06,06,2
VAV_REHEAT_Damper_P,168,VAV_REHEAT_Damper_P,1,10,06/06/2016,06,06,2
VAV_REHEAT_Damper_P,169,VAV_REHEAT_Damper_P,1,11,06/06/2016,06,06,2
VAV_REHEAT_Damper_P,170,VAV_REHEAT_Damper_P,1,12A,06/06/2016,06,06,2
VAV_REHEAT_Damper_P,171,VAV_REHEAT_Damper_P,1,12B,06/06/2016,06,06,2
VAV_REHEAT_Damper_P,172,VAV_REHEAT_Damper_P,1,2,06/06/2016,06,06,2
VAV_REHEAT_Damper_P,173,VAV_REHEAT_Damper_P,1,3,06/06/2016,06,06,2
VAV_REHEAT_Damper_P,174,VAV_REHEAT_Damper_P,1,4,06/06/2016,06,06,2
VAV_REHEAT_Damper_P,175,VAV_REHEAT_Damper_P,1,5,06/06/2016,06,06,2
VAV_REHEAT_Damper_P,176,VAV_REHEAT_Damper_P,1,6,06/06/2016,06,06,2
VAV_REHEAT_Damper_P,177,VAV_REHEAT_Damper_P,0,7,06/06/2016,06,06,2
VAV_REHEAT_Damper_P,178,VAV_REHEAT_Damper_P,0,8,06/06/2016,06,06,2
VAV_REHEAT_Damper_P,179,VAV_REHEAT_Damper_P,1,9,06/06/2016,06,06,2
VAV_REHEAT_Damper_P,180,VAV_REHEAT_Damper_P,1,12C,06/06/2016,06,06,2
VAV_REHEAT_Damper_P,181,VAV_REHEAT_Damper_P,1,15,06/06/2016,06,06,2
VAV_REHEAT_Damper_P,182,VAV_REHEAT_Damper_P,0,14,06/06/2016,06,06,2
VAV_REHEAT_Damper_P,183,VAV_REHEAT_Damper_P,0,16,06/06/2016,06,06,2
REHEAT_COIL_Power,184,REHEAT_COIL_Power,0,1,06/06/2016,06,06,2
REHEAT_COIL_Power,185,REHEAT_COIL_Power,0,10,06/06/2016,06,06,2
REHEAT_COIL_Power,186,REHEAT_COIL_Power,0,11,06/06/2016,06,06,2
REHEAT_COIL_Power,187,REHEAT_COIL_Power,0,12A,06/06/2016,06,06,2
REHEAT_COIL_Power,188,REHEAT_COIL_Power,0,12B,06/06/2016,06,06,2
REHEAT_COIL_Power,189,REHEAT_COIL_Power,0,14,06/06/2016,06,06,2
REHEAT_COIL_Power,190,REHEAT_COIL_Power,0,15,06/06/2016,06,06,2
REHEAT_COIL_Power,191,REHEAT_COIL_Power,0,16,06/06/2016,06,06,2
REHEAT_COIL_Power,192,REHEAT_COIL_Power,0,2,06/06/2016,06,06,2
REHEAT_COIL_Power,193,REHEAT_COIL_Power,0,3,06/06/2016,06,06,2
REHEAT_COIL_Power,194,REHEAT_COIL_Power,0,4,06/06/2016,06,06,2
REHEAT_COIL_Power,195,REHEAT_COIL_Power,0,5,06/06/2016,06,06,2
REHEAT_COIL_Power,196,REHEAT_COIL_Power,0,6,06/06/2016,06,06,2
REHEAT_COIL_Power,197,REHEAT_COIL_Power,0,7,06/06/2016,06,06,2
REHEAT_COIL_Power,198,REHEAT_COIL_Power,0,8,06/06/2016,06,06,2
REHEAT_COIL_Power,199,REHEAT_COIL_Power,0,9,06/06/2016,06,06,2
RETURN_OUTLET_CO2,200,RETURN_OUTLET_CO2,932,1,06/06/2016,06,06,2
RETURN_OUTLET_CO2,201,RETURN_OUTLET_CO2,1066,10,06/06/2016,06,06,2
RETURN_OUTLET_CO2,202,RETURN_OUTLET_CO2,837,12A,06/06/2016,06,06,2
RETURN_OUTLET_CO2,203,RETURN_OUTLET_CO2,1198,11,06/06/2016,06,06,2
RETURN_OUTLET_CO2,204,RETURN_OUTLET_CO2,722,12B,06/06/2016,06,06,2
RETURN_OUTLET_CO2,205,RETURN_OUTLET_CO2,807,14,06/06/2016,06,06,2
RETURN_OUTLET_CO2,206,RETURN_OUTLET_CO2,1122,15,06/06/2016,06,06,2
RETURN_OUTLET_CO2,207,RETURN_OUTLET_CO2,814,16,06/06/2016,06,06,2
RETURN_OUTLET_CO2,208,RETURN_OUTLET_CO2,982,2,06/06/2016,06,06,2
RETURN_OUTLET_CO2,209,RETURN_OUTLET_CO2,897,3,06/06/2016,06,06,2
RETURN_OUTLET_CO2,210,RETURN_OUTLET_CO2,912,4,06/06/2016,06,06,2
RETURN_OUTLET_CO2,211,RETURN_OUTLET_CO2,824,5,06/06/2016,06,06,2
RETURN_OUTLET_CO2,212,RETURN_OUTLET_CO2,936,6,06/06/2016,06,06,2
RETURN_OUTLET_CO2,213,RETURN_OUTLET_CO2,904,7,06/06/2016,06,06,2
RETURN_OUTLET_CO2,214,RETURN_OUTLET_CO2,956,8,06/06/2016,06,06,2
RETURN_OUTLET_CO2,215,RETURN_OUTLET_CO2,1022,9,06/06/2016,06,06,2
SUPPLY_INLET_T,216,SUPPLY_INLET_T,13,1,06/06/2016,06,06,2
SUPPLY_INLET_T,217,SUPPLY_INLET_T,13,10,06/06/2016,06,06,2
SUPPLY_INLET_T,218,SUPPLY_INLET_T,13,12A,06/06/2016,06,06,2
SUPPLY_INLET_T,219,SUPPLY_INLET_T,13,11,06/06/2016,06,06,2
SUPPLY_INLET_T,220,SUPPLY_INLET_T,13,12B,06/06/2016,06,06,2
SUPPLY_INLET_T,221,SUPPLY_INLET_T,13,14,06/06/2016,06,06,2
SUPPLY_INLET_T,222,SUPPLY_INLET_T,13,15,06/06/2016,06,06,2
SUPPLY_INLET_T,223,SUPPLY_INLET_T,13,16,06/06/2016,06,06,2
SUPPLY_INLET_T,224,SUPPLY_INLET_T,13,2,06/06/2016,06,06,2
SUPPLY_INLET_T,225,SUPPLY_INLET_T,13,3,06/06/2016,06,06,2
SUPPLY_INLET_T,226,SUPPLY_INLET_T,13,4,06/06/2016,06,06,2
SUPPLY_INLET_T,227,SUPPLY_INLET_T,13,5,06/06/2016,06,06,2
SUPPLY_INLET_T,228,SUPPLY_INLET_T,13,6,06/06/2016,06,06,2
SUPPLY_INLET_T,229,SUPPLY_INLET_T,13,7,06/06/2016,06,06,2
SUPPLY_INLET_T,230,SUPPLY_INLET_T,13,8,06/06/2016,06,06,2
SUPPLY_INLET_T,231,SUPPLY_INLET_T,13,9,06/06/2016,06,06,2
SUPPLY_INLET_M,232,SUPPLY_INLET_M,0,1,06/06/2016,06,06,2
SUPPLY_INLET_M,233,SUPPLY_INLET_M,0,10,06/06/2016,06,06,2
SUPPLY_INLET_M,234,SUPPLY_INLET_M,0,11,06/06/2016,06,06,2
SUPPLY_INLET_M,235,SUPPLY_INLET_M,0,12A,06/06/2016,06,06,2
SUPPLY_INLET_M,236,SUPPLY_INLET_M,0,12B,06/06/2016,06,06,2
SUPPLY_INLET_M,237,SUPPLY_INLET_M,0,14,06/06/2016,06,06,2
SUPPLY_INLET_M,238,SUPPLY_INLET_M,0,15,06/06/2016,06,06,2
SUPPLY_INLET_M,239,SUPPLY_INLET_M,0,16,06/06/2016,06,06,2
SUPPLY_INLET_M,240,SUPPLY_INLET_M,0,2,06/06/2016,06,06,2
SUPPLY_INLET_M,241,SUPPLY_INLET_M,0,3,06/06/2016,06,06,2
SUPPLY_INLET_M,242,SUPPLY_INLET_M,0,4,06/06/2016,06,06,2
SUPPLY_INLET_M,243,SUPPLY_INLET_M,0,5,06/06/2016,06,06,2
SUPPLY_INLET_M,244,SUPPLY_INLET_M,0,6,06/06/2016,06,06,2
SUPPLY_INLET_M,245,SUPPLY_INLET_M,0,7,06/06/2016,06,06,2
SUPPLY_INLET_M,246,SUPPLY_INLET_M,0,8,06/06/2016,06,06,2
SUPPLY_INLET_M,247,SUPPLY_INLET_M,0,9,06/06/2016,06,06,2
REHEAT_COIL_Power,248,REHEAT_COIL_Power,0,12C,06/06/2016,06,06,2
SUPPLY_INLET_T,249,SUPPLY_INLET_T,13,12C,06/06/2016,06,06,2
SUPPLY_INLET_M,250,SUPPLY_INLET_M,0,12C,06/06/2016,06,06,2
RETURN_OUTLET_CO2,251,RETURN_OUTLET_CO2,816,12C,06/06/2016,06,06,2
Lights_Power,252,Lights_Power,480,1,06/06/2016,06,06,3
Lights_Power,253,Lights_Power,640,10,06/06/2016,06,06,3
Lights_Power,254,Lights_Power,808,11A,06/06/2016,06,06,3
Lights_Power,255,Lights_Power,2079,11B,06/06/2016,06,06,3
Lights_Power,256,Lights_Power,1193,11C,06/06/2016,06,06,3
Lights_Power,257,Lights_Power,1727,2,06/06/2016,06,06,3
Lights_Power,258,Lights_Power,756,3,06/06/2016,06,06,3
Lights_Power,259,Lights_Power,0,5,06/06/2016,06,06,3
Lights_Power,260,Lights_Power,1951,6,06/06/2016,06,06,3
Lights_Power,261,Lights_Power,320,7,06/06/2016,06,06,3
Lights_Power,262,Lights_Power,1200,8,06/06/2016,06,06,3
Lights_Power,263,Lights_Power,336,9,06/06/2016,06,06,3
Equipment_Power,264,Equipment_Power,336,1,06/06/2016,06,06,3
Equipment_Power,265,Equipment_Power,448,10,06/06/2016,06,06,3
Equipment_Power,266,Equipment_Power,601,11A,06/06/2016,06,06,3
Equipment_Power,267,Equipment_Power,1546,11B,06/06/2016,06,06,3
Equipment_Power,268,Equipment_Power,887,11C,06/06/2016,06,06,3
Equipment_Power,269,Equipment_Power,1209,2,06/06/2016,06,06,3
Equipment_Power,270,Equipment_Power,529,3,06/06/2016,06,06,3
Equipment_Power,271,Equipment_Power,135,5,06/06/2016,06,06,3
Equipment_Power,272,Equipment_Power,1366,6,06/06/2016,06,06,3
Equipment_Power,273,Equipment_Power,224,7,06/06/2016,06,06,3
Equipment_Power,274,Equipment_Power,840,8,06/06/2016,06,06,3
Equipment_Power,275,Equipment_Power,30240,9,06/06/2016,06,06,3
Thermostat_Temp,276,Thermostat_Temp,22,1,06/06/2016,06,06,3
Thermostat_Temp,277,Thermostat_Temp,24,10,06/06/2016,06,06,3
Thermostat_Temp,278,Thermostat_Temp,24,11A,06/06/2016,06,06,3
Thermostat_Temp,279,Thermostat_Temp,24,11B,06/06/2016,06,06,3
Thermostat_Temp,280,Thermostat_Temp,24,11C,06/06/2016,06,06,3
Thermostat_Temp,281,Thermostat_Temp,24,2,06/06/2016,06,06,3
Thermostat_Temp,282,Thermostat_Temp,24,3,06/06/2016,06,06,3
Thermostat_Temp,283,Thermostat_Temp,24,5,06/06/2016,06,06,3
Thermostat_Temp,284,Thermostat_Temp,24,6,06/06/2016,06,06,3
Thermostat_Temp,285,Thermostat_Temp,24,7,06/06/2016,06,06,3
Thermostat_Temp,286,Thermostat_Temp,24,8,06/06/2016,06,06,3
Thermostat_Temp,287,Thermostat_Temp,21,9,06/06/2016,06,06,3
Thermostat_Heating_S,288,Thermostat_Heating_S,7,1,06/06/2016,06,06,3
Thermostat_Heating_S,289,Thermostat_Heating_S,21,10,06/06/2016,06,06,3
Thermostat_Heating_S,290,Thermostat_Heating_S,21,11B,06/06/2016,06,06,3
Thermostat_Heating_S,291,Thermostat_Heating_S,21,11A,06/06/2016,06,06,3
Thermostat_Heating_S,292,Thermostat_Heating_S,21,11C,06/06/2016,06,06,3
Thermostat_Heating_S,293,Thermostat_Heating_S,21,2,06/06/2016,06,06,3
Thermostat_Heating_S,294,Thermostat_Heating_S,21,5,06/06/2016,06,06,3
Thermostat_Heating_S,295,Thermostat_Heating_S,21,3,06/06/2016,06,06,3
Thermostat_Heating_S,296,Thermostat_Heating_S,21,6,06/06/2016,06,06,3
Thermostat_Heating_S,297,Thermostat_Heating_S,21,7,06/06/2016,06,06,3
Thermostat_Heating_S,298,Thermostat_Heating_S,21,8,06/06/2016,06,06,3
Thermostat_Heating_S,299,Thermostat_Heating_S,18,9,06/06/2016,06,06,3
Thermostat_Cooling_S,300,Thermostat_Cooling_S,10,1,06/06/2016,06,06,3
Thermostat_Cooling_S,301,Thermostat_Cooling_S,24,10,06/06/2016,06,06,3
Thermostat_Cooling_S,302,Thermostat_Cooling_S,24,11A,06/06/2016,06,06,3
Thermostat_Cooling_S,303,Thermostat_Cooling_S,24,11B,06/06/2016,06,06,3
Thermostat_Cooling_S,304,Thermostat_Cooling_S,24,11C,06/06/2016,06,06,3
Thermostat_Cooling_S,305,Thermostat_Cooling_S,24,2,06/06/2016,06,06,3
Thermostat_Cooling_S,306,Thermostat_Cooling_S,24,3,06/06/2016,06,06,3
Thermostat_Cooling_S,307,Thermostat_Cooling_S,24,5,06/06/2016,06,06,3
Thermostat_Cooling_S,308,Thermostat_Cooling_S,24,6,06/06/2016,06,06,3
Thermostat_Cooling_S,309,Thermostat_Cooling_S,24,7,06/06/2016,06,06,3
Thermostat_Cooling_S,310,Thermostat_Cooling_S,24,8,06/06/2016,06,06,3
Thermostat_Cooling_S,311,Thermostat_Cooling_S,21,9,06/06/2016,06,06,3
VAV_REHEAT_Damper_P,312,VAV_REHEAT_Damper_P,1,1,06/06/2016,06,06,3
VAV_REHEAT_Damper_P,313,VAV_REHEAT_Damper_P,1,10,06/06/2016,06,06,3
VAV_REHEAT_Damper_P,314,VAV_REHEAT_Damper_P,1,11A,06/06/2016,06,06,3
VAV_REHEAT_Damper_P,315,VAV_REHEAT_Damper_P,1,11B,06/06/2016,06,06,3
VAV_REHEAT_Damper_P,316,VAV_REHEAT_Damper_P,1,11C,06/06/2016,06,06,3
VAV_REHEAT_Damper_P,317,VAV_REHEAT_Damper_P,1,2,06/06/2016,06,06,3
VAV_REHEAT_Damper_P,318,VAV_REHEAT_Damper_P,1,3,06/06/2016,06,06,3
VAV_REHEAT_Damper_P,319,VAV_REHEAT_Damper_P,1,5,06/06/2016,06,06,3
VAV_REHEAT_Damper_P,320,VAV_REHEAT_Damper_P,1,6,06/06/2016,06,06,3
VAV_REHEAT_Damper_P,321,VAV_REHEAT_Damper_P,0,7,06/06/2016,06,06,3
VAV_Damper_P,322,VAV_Damper_P,1,9,06/06/2016,06,06,3
VAV_REHEAT_Damper_P,323,VAV_REHEAT_Damper_P,0,8,06/06/2016,06,06,3
REHEAT_COIL_Power,324,REHEAT_COIL_Power,0,1,06/06/2016,06,06,3
REHEAT_COIL_Power,325,REHEAT_COIL_Power,0,10,06/06/2016,06,06,3
REHEAT_COIL_Power,326,REHEAT_COIL_Power,0,11A,06/06/2016,06,06,3
REHEAT_COIL_Power,327,REHEAT_COIL_Power,0,11B,06/06/2016,06,06,3
REHEAT_COIL_Power,328,REHEAT_COIL_Power,0,11C,06/06/2016,06,06,3
REHEAT_COIL_Power,329,REHEAT_COIL_Power,0,2,06/06/2016,06,06,3
REHEAT_COIL_Power,330,REHEAT_COIL_Power,0,3,06/06/2016,06,06,3
REHEAT_COIL_Power,331,REHEAT_COIL_Power,0,5,06/06/2016,06,06,3
REHEAT_COIL_Power,332,REHEAT_COIL_Power,0,6,06/06/2016,06,06,3
REHEAT_COIL_Power,333,REHEAT_COIL_Power,0,7,06/06/2016,06,06,3
REHEAT_COIL_Power,334,REHEAT_COIL_Power,0,8,06/06/2016,06,06,3
REHEAT_COIL_Power,335,REHEAT_COIL_Power,0,12,06/06/2016,06,06,3
RETURN_OUTLET_CO2,336,RETURN_OUTLET_CO2,492,1,06/06/2016,06,06,3
RETURN_OUTLET_CO2,337,RETURN_OUTLET_CO2,570,10,06/06/2016,06,06,3
RETURN_OUTLET_CO2,338,RETURN_OUTLET_CO2,438,11A,06/06/2016,06,06,3
RETURN_OUTLET_CO2,339,RETURN_OUTLET_CO2,475,11B,06/06/2016,06,06,3
RETURN_OUTLET_CO2,340,RETURN_OUTLET_CO2,441,11C,06/06/2016,06,06,3
RETURN_OUTLET_CO2,341,RETURN_OUTLET_CO2,537,2,06/06/2016,06,06,3
RETURN_OUTLET_CO2,342,RETURN_OUTLET_CO2,511,3,06/06/2016,06,06,3
RETURN_OUTLET_CO2,343,RETURN_OUTLET_CO2,424,5,06/06/2016,06,06,3
RETURN_OUTLET_CO2,344,RETURN_OUTLET_CO2,522,6,06/06/2016,06,06,3
RETURN_OUTLET_CO2,345,RETURN_OUTLET_CO2,542,7,06/06/2016,06,06,3
RETURN_OUTLET_CO2,346,RETURN_OUTLET_CO2,531,8,06/06/2016,06,06,3
RETURN_OUTLET_CO2,347,RETURN_OUTLET_CO2,479,9,06/06/2016,06,06,3
SUPPLY_INLET_T,348,SUPPLY_INLET_T,13,1,06/06/2016,06,06,3
SUPPLY_INLET_T,349,SUPPLY_INLET_T,13,10,06/06/2016,06,06,3
SUPPLY_INLET_T,350,SUPPLY_INLET_T,13,11A,06/06/2016,06,06,3
SUPPLY_INLET_T,351,SUPPLY_INLET_T,13,11B,06/06/2016,06,06,3
SUPPLY_INLET_T,352,SUPPLY_INLET_T,13,11C,06/06/2016,06,06,3
SUPPLY_INLET_T,353,SUPPLY_INLET_T,13,2,06/06/2016,06,06,3
SUPPLY_INLET_T,354,SUPPLY_INLET_T,13,3,06/06/2016,06,06,3
SUPPLY_INLET_T,355,SUPPLY_INLET_T,13,5,06/06/2016,06,06,3
SUPPLY_INLET_T,356,SUPPLY_INLET_T,13,6,06/06/2016,06,06,3
SUPPLY_INLET_T,357,SUPPLY_INLET_T,13,7,06/06/2016,06,06,3
SUPPLY_INLET_T,358,SUPPLY_INLET_T,13,8,06/06/2016,06,06,3
SUPPLY_INLET_T,359,SUPPLY_INLET_T,13,9,06/06/2016,06,06,3
SUPPLY_INLET_M,360,SUPPLY_INLET_M,0,1,06/06/2016,06,06,3
SUPPLY_INLET_M,361,SUPPLY_INLET_M,0,10,06/06/2016,06,06,3
SUPPLY_INLET_M,362,SUPPLY_INLET_M,0,11A,06/06/2016,06,06,3
SUPPLY_INLET_M,363,SUPPLY_INLET_M,0,11B,06/06/2016,06,06,3
SUPPLY_INLET_M,364,SUPPLY_INLET_M,0,11C,06/06/2016,06,06,3
SUPPLY_INLET_M,365,SUPPLY_INLET_M,0,2,06/06/2016,06,06,3
SUPPLY_INLET_M,366,SUPPLY_INLET_M,0,3,06/06/2016,06,06,3
SUPPLY_INLET_M,367,SUPPLY_INLET_M,0,5,06/06/2016,06,06,3
SUPPLY_INLET_M,368,SUPPLY_INLET_M,0,6,06/06/2016,06,06,3
SUPPLY_INLET_M,369,SUPPLY_INLET_M,0,7,06/06/2016,06,06,3
SUPPLY_INLET_M,370,SUPPLY_INLET_M,0,8,06/06/2016,06,06,3
SUPPLY_INLET_M,371,SUPPLY_INLET_M,3,9,06/06/2016,06,06,3
