grant_title,id,organization,total_amount,group,Grant start date,start_month,start_day,start_year
Lights_Power,12,Lights_Power,0,1,06/06/2016,06,06,1
Lights_Power,13,Lights_Power,0,2,06/06/2016,06,06,1
Lights_Power,14,Lights_Power,3799,3,06/06/2016,06,06,1
Lights_Power,15,Lights_Power,0,4,06/06/2016,06,06,1
Lights_Power,16,Lights_Power,0,5,06/06/2016,06,06,1
Lights_Power,17,Lights_Power,0,7,06/06/2016,06,06,1
Lights_Power,18,Lights_Power,2542,8B,06/06/2016,06,06,1
Lights_Power,19,Lights_Power,1967,8A,06/06/2016,06,06,1
Equipment_Power,20,Equipment_Power,269,1,06/06/2016,06,06,1
Equipment_Power,21,Equipment_Power,378,2,06/06/2016,06,06,1
Equipment_Power,22,Equipment_Power,2659,3,06/06/2016,06,06,1
Equipment_Power,23,Equipment_Power,90,4,06/06/2016,06,06,1
Equipment_Power,24,Equipment_Power,135,5,06/06/2016,06,06,1
Equipment_Power,25,Equipment_Power,213,7,06/06/2016,06,06,1
Equipment_Power,26,Equipment_Power,1463,8A,06/06/2016,06,06,1
Equipment_Power,27,Equipment_Power,1890,8B,06/06/2016,06,06,1
Thermostat_Temp,28,Thermostat_Temp,24,2,06/06/2016,06,06,1
Thermostat_Temp,29,Thermostat_Temp,24,1,06/06/2016,06,06,1
Thermostat_Temp,30,Thermostat_Temp,27,3,06/06/2016,06,06,1
Thermostat_Temp,31,Thermostat_Temp,23,4,06/06/2016,06,06,1
Thermostat_Temp,32,Thermostat_Temp,24,5,06/06/2016,06,06,1
Thermostat_Temp,33,Thermostat_Temp,23,7,06/06/2016,06,06,1
Thermostat_Temp,34,Thermostat_Temp,26,8A,06/06/2016,06,06,1
Thermostat_Temp,35,Thermostat_Temp,26,8B,06/06/2016,06,06,1
Thermostat_Heating_S,36,Thermostat_Heating_S,16,1,06/06/2016,06,06,1
Thermostat_Heating_S,37,Thermostat_Heating_S,16,2,06/06/2016,06,06,1
Thermostat_Heating_S,38,Thermostat_Heating_S,16,3,06/06/2016,06,06,1
Thermostat_Heating_S,39,Thermostat_Heating_S,16,4,06/06/2016,06,06,1
Thermostat_Heating_S,40,Thermostat_Heating_S,16,5,06/06/2016,06,06,1
Thermostat_Heating_S,41,Thermostat_Heating_S,16,7,06/06/2016,06,06,1
Thermostat_Heating_S,42,Thermostat_Heating_S,16,8A,06/06/2016,06,06,1
Thermostat_Heating_S,43,Thermostat_Heating_S,16,8B,06/06/2016,06,06,1
Thermostat_Cooling_S,44,Thermostat_Cooling_S,27,1,06/06/2016,06,06,1
Thermostat_Cooling_S,45,Thermostat_Cooling_S,27,2,06/06/2016,06,06,1
Thermostat_Cooling_S,46,Thermostat_Cooling_S,27,3,06/06/2016,06,06,1
Thermostat_Cooling_S,47,Thermostat_Cooling_S,27,4,06/06/2016,06,06,1
Thermostat_Cooling_S,48,Thermostat_Cooling_S,27,5,06/06/2016,06,06,1
Thermostat_Cooling_S,49,Thermostat_Cooling_S,27,7,06/06/2016,06,06,1
Thermostat_Cooling_S,50,Thermostat_Cooling_S,27,8A,06/06/2016,06,06,1
Thermostat_Cooling_S,51,Thermostat_Cooling_S,27,8B,06/06/2016,06,06,1
VAV_REHEAT_Damper_P,52,VAV_REHEAT_Damper_P,0,1,06/06/2016,06,06,1
VAV_REHEAT_Damper_P,53,VAV_REHEAT_Damper_P,0,2,06/06/2016,06,06,1
VAV_REHEAT_Damper_P,54,VAV_REHEAT_Damper_P,0,3,06/06/2016,06,06,1
VAV_REHEAT_Damper_P,55,VAV_REHEAT_Damper_P,0,4,06/06/2016,06,06,1
VAV_REHEAT_Damper_P,56,VAV_REHEAT_Damper_P,0,5,06/06/2016,06,06,1
VAV_REHEAT_Damper_P,57,VAV_REHEAT_Damper_P,0,7,06/06/2016,06,06,1
VAV_REHEAT_Damper_P,58,VAV_REHEAT_Damper_P,0,8A,06/06/2016,06,06,1
VAV_REHEAT_Damper_P,59,VAV_REHEAT_Damper_P,0,8B,06/06/2016,06,06,1
REHEAT_COIL_Power,60,REHEAT_COIL_Power,0,1,06/06/2016,06,06,1
REHEAT_COIL_Power,61,REHEAT_COIL_Power,0,2,06/06/2016,06,06,1
REHEAT_COIL_Power,62,REHEAT_COIL_Power,0,3,06/06/2016,06,06,1
REHEAT_COIL_Power,63,REHEAT_COIL_Power,0,4,06/06/2016,06,06,1
REHEAT_COIL_Power,64,REHEAT_COIL_Power,0,5,06/06/2016,06,06,1
REHEAT_COIL_Power,65,REHEAT_COIL_Power,0,7,06/06/2016,06,06,1
REHEAT_COIL_Power,66,REHEAT_COIL_Power,0,8A,06/06/2016,06,06,1
REHEAT_COIL_Power,67,REHEAT_COIL_Power,0,8B,06/06/2016,06,06,1
RETURN_OUTLET_CO2,68,RETURN_OUTLET_CO2,117,1,06/06/2016,06,06,1
RETURN_OUTLET_CO2,69,RETURN_OUTLET_CO2,1116,2,06/06/2016,06,06,1
RETURN_OUTLET_CO2,70,RETURN_OUTLET_CO2,2035,3,06/06/2016,06,06,1
RETURN_OUTLET_CO2,71,RETURN_OUTLET_CO2,864,4,06/06/2016,06,06,1
RETURN_OUTLET_CO2,72,RETURN_OUTLET_CO2,2698,5,06/06/2016,06,06,1
RETURN_OUTLET_CO2,73,RETURN_OUTLET_CO2,1104,7,06/06/2016,06,06,1
RETURN_OUTLET_CO2,74,RETURN_OUTLET_CO2,56,8A,06/06/2016,06,06,1
RETURN_OUTLET_CO2,75,RETURN_OUTLET_CO2,1103,8B,06/06/2016,06,06,1
SUPPLY_INLET_T,76,SUPPLY_INLET_T,13,1,06/06/2016,06,06,1
SUPPLY_INLET_T,77,SUPPLY_INLET_T,13,2,06/06/2016,06,06,1
SUPPLY_INLET_T,78,SUPPLY_INLET_T,13,3,06/06/2016,06,06,1
SUPPLY_INLET_T,79,SUPPLY_INLET_T,13,4,06/06/2016,06,06,1
SUPPLY_INLET_T,80,SUPPLY_INLET_T,13,5,06/06/2016,06,06,1
SUPPLY_INLET_T,81,SUPPLY_INLET_T,13,7,06/06/2016,06,06,1
SUPPLY_INLET_T,82,SUPPLY_INLET_T,13,8B,06/06/2016,06,06,1
SUPPLY_INLET_T,83,SUPPLY_INLET_T,13,8A,06/06/2016,06,06,1
SUPPLY_INLET_M,84,SUPPLY_INLET_M,0,1,06/06/2016,06,06,1
SUPPLY_INLET_M,85,SUPPLY_INLET_M,0,2,06/06/2016,06,06,1
SUPPLY_INLET_M,86,SUPPLY_INLET_M,0,3,06/06/2016,06,06,1
SUPPLY_INLET_M,87,SUPPLY_INLET_M,0,4,06/06/2016,06,06,1
SUPPLY_INLET_M,88,SUPPLY_INLET_M,0,5,06/06/2016,06,06,1
SUPPLY_INLET_M,89,SUPPLY_INLET_M,0,7,06/06/2016,06,06,1
SUPPLY_INLET_M,90,SUPPLY_INLET_M,0,8A,06/06/2016,06,06,1
SUPPLY_INLET_M,91,SUPPLY_INLET_M,0,8B,06/06/2016,06,06,1
Mechanical_Ventilation_M,92,Mechanical_Ventilation_M,0,1,06/06/2016,06,06,1
Lights_Power,95,Lights_Power,0,10,06/06/2016,06,06,2
Lights_Power,96,Lights_Power,0,1,06/06/2016,06,06,2
Lights_Power,97,Lights_Power,0,11,06/06/2016,06,06,2
Lights_Power,98,Lights_Power,720,12A,06/06/2016,06,06,2
Lights_Power,99,Lights_Power,1368,12B,06/06/2016,06,06,2
Lights_Power,100,Lights_Power,1303,12C,06/06/2016,06,06,2
Lights_Power,101,Lights_Power,0,14,06/06/2016,06,06,2
Lights_Power,102,Lights_Power,0,15,06/06/2016,06,06,2
Lights_Power,103,Lights_Power,0,16,06/06/2016,06,06,2
Lights_Power,104,Lights_Power,0,2,06/06/2016,06,06,2
Lights_Power,105,Lights_Power,0,3,06/06/2016,06,06,2
Lights_Power,106,Lights_Power,0,4,06/06/2016,06,06,2
Lights_Power,107,Lights_Power,0,5,06/06/2016,06,06,2
Lights_Power,108,Lights_Power,0,6,06/06/2016,06,06,2
Lights_Power,109,Lights_Power,0,7,06/06/2016,06,06,2
Lights_Power,110,Lights_Power,0,8,06/06/2016,06,06,2
Equipment_Power,111,Equipment_Power,45,1,06/06/2016,06,06,2
Lights_Power,112,Lights_Power,0,9,06/06/2016,06,06,2
Equipment_Power,113,Equipment_Power,141,10,06/06/2016,06,06,2
Equipment_Power,114,Equipment_Power,39,11,06/06/2016,06,06,2
Equipment_Power,115,Equipment_Power,535,12A,06/06/2016,06,06,2
Equipment_Power,116,Equipment_Power,1017,12B,06/06/2016,06,06,2
Equipment_Power,117,Equipment_Power,968,12C,06/06/2016,06,06,2
Equipment_Power,118,Equipment_Power,135,14,06/06/2016,06,06,2
Equipment_Power,119,Equipment_Power,39,15,06/06/2016,06,06,2
Equipment_Power,120,Equipment_Power,135,16,06/06/2016,06,06,2
Equipment_Power,121,Equipment_Power,345,2,06/06/2016,06,06,2
Equipment_Power,122,Equipment_Power,45,3,06/06/2016,06,06,2
Equipment_Power,123,Equipment_Power,168,4,06/06/2016,06,06,2
Equipment_Power,124,Equipment_Power,45,5,06/06/2016,06,06,2
Equipment_Power,125,Equipment_Power,45,7,06/06/2016,06,06,2
Equipment_Power,126,Equipment_Power,345,6,06/06/2016,06,06,2
Equipment_Power,127,Equipment_Power,168,8,06/06/2016,06,06,2
Equipment_Power,128,Equipment_Power,235,9,06/06/2016,06,06,2
Thermostat_Temp,129,Thermostat_Temp,23,1,06/06/2016,06,06,2
Thermostat_Temp,130,Thermostat_Temp,25,10,06/06/2016,06,06,2
Thermostat_Temp,131,Thermostat_Temp,25,11,06/06/2016,06,06,2
Thermostat_Temp,132,Thermostat_Temp,27,12A,06/06/2016,06,06,2
Thermostat_Temp,133,Thermostat_Temp,27,12B,06/06/2016,06,06,2
Thermostat_Temp,134,Thermostat_Temp,27,12C,06/06/2016,06,06,2
Thermostat_Temp,135,Thermostat_Temp,24,14,06/06/2016,06,06,2
Thermostat_Temp,136,Thermostat_Temp,25,15,06/06/2016,06,06,2
Thermostat_Temp,137,Thermostat_Temp,25,16,06/06/2016,06,06,2
Thermostat_Temp,138,Thermostat_Temp,24,2,06/06/2016,06,06,2
Thermostat_Temp,139,Thermostat_Temp,23,3,06/06/2016,06,06,2
Thermostat_Temp,140,Thermostat_Temp,24,4,06/06/2016,06,06,2
Thermostat_Temp,141,Thermostat_Temp,24,5,06/06/2016,06,06,2
Thermostat_Temp,142,Thermostat_Temp,24,6,06/06/2016,06,06,2
Thermostat_Temp,143,Thermostat_Temp,23,7,06/06/2016,06,06,2
Thermostat_Temp,144,Thermostat_Temp,23,8,06/06/2016,06,06,2
Thermostat_Heating_S,145,Thermostat_Heating_S,16,1,06/06/2016,06,06,2
Thermostat_Temp,146,Thermostat_Temp,25,9,06/06/2016,06,06,2
Thermostat_Heating_S,147,Thermostat_Heating_S,16,10,06/06/2016,06,06,2
Thermostat_Heating_S,148,Thermostat_Heating_S,16,11,06/06/2016,06,06,2
Thermostat_Heating_S,149,Thermostat_Heating_S,16,12A,06/06/2016,06,06,2
Thermostat_Heating_S,150,Thermostat_Heating_S,16,12B,06/06/2016,06,06,2
Thermostat_Heating_S,151,Thermostat_Heating_S,16,12C,06/06/2016,06,06,2
Thermostat_Heating_S,152,Thermostat_Heating_S,16,14,06/06/2016,06,06,2
Thermostat_Heating_S,153,Thermostat_Heating_S,16,15,06/06/2016,06,06,2
Thermostat_Heating_S,154,Thermostat_Heating_S,16,16,06/06/2016,06,06,2
Thermostat_Heating_S,155,Thermostat_Heating_S,16,2,06/06/2016,06,06,2
Thermostat_Heating_S,156,Thermostat_Heating_S,16,3,06/06/2016,06,06,2
Thermostat_Heating_S,157,Thermostat_Heating_S,16,4,06/06/2016,06,06,2
Thermostat_Heating_S,158,Thermostat_Heating_S,16,6,06/06/2016,06,06,2
Thermostat_Heating_S,159,Thermostat_Heating_S,16,5,06/06/2016,06,06,2
Thermostat_Heating_S,160,Thermostat_Heating_S,16,7,06/06/2016,06,06,2
Thermostat_Heating_S,161,Thermostat_Heating_S,16,8,06/06/2016,06,06,2
Thermostat_Heating_S,162,Thermostat_Heating_S,16,9,06/06/2016,06,06,2
Thermostat_Cooling_S,163,Thermostat_Cooling_S,27,1,06/06/2016,06,06,2
Thermostat_Cooling_S,164,Thermostat_Cooling_S,27,10,06/06/2016,06,06,2
Thermostat_Cooling_S,165,Thermostat_Cooling_S,27,11,06/06/2016,06,06,2
Thermostat_Cooling_S,166,Thermostat_Cooling_S,27,12A,06/06/2016,06,06,2
Thermostat_Cooling_S,167,Thermostat_Cooling_S,27,12B,06/06/2016,06,06,2
Thermostat_Cooling_S,168,Thermostat_Cooling_S,27,12C,06/06/2016,06,06,2
Thermostat_Cooling_S,169,Thermostat_Cooling_S,27,14,06/06/2016,06,06,2
Thermostat_Cooling_S,170,Thermostat_Cooling_S,27,15,06/06/2016,06,06,2
Thermostat_Cooling_S,171,Thermostat_Cooling_S,27,16,06/06/2016,06,06,2
Thermostat_Cooling_S,172,Thermostat_Cooling_S,27,2,06/06/2016,06,06,2
Thermostat_Cooling_S,173,Thermostat_Cooling_S,27,3,06/06/2016,06,06,2
Thermostat_Cooling_S,174,Thermostat_Cooling_S,27,4,06/06/2016,06,06,2
Thermostat_Cooling_S,175,Thermostat_Cooling_S,27,5,06/06/2016,06,06,2
Thermostat_Cooling_S,176,Thermostat_Cooling_S,27,6,06/06/2016,06,06,2
Thermostat_Cooling_S,177,Thermostat_Cooling_S,27,7,06/06/2016,06,06,2
Thermostat_Cooling_S,178,Thermostat_Cooling_S,27,8,06/06/2016,06,06,2
Thermostat_Cooling_S,179,Thermostat_Cooling_S,27,9,06/06/2016,06,06,2
VAV_REHEAT_Damper_P,180,VAV_REHEAT_Damper_P,0,1,06/06/2016,06,06,2
VAV_REHEAT_Damper_P,181,VAV_REHEAT_Damper_P,0,10,06/06/2016,06,06,2
VAV_REHEAT_Damper_P,182,VAV_REHEAT_Damper_P,0,11,06/06/2016,06,06,2
VAV_REHEAT_Damper_P,183,VAV_REHEAT_Damper_P,0,12A,06/06/2016,06,06,2
VAV_REHEAT_Damper_P,184,VAV_REHEAT_Damper_P,0,12B,06/06/2016,06,06,2
VAV_REHEAT_Damper_P,185,VAV_REHEAT_Damper_P,0,2,06/06/2016,06,06,2
VAV_REHEAT_Damper_P,186,VAV_REHEAT_Damper_P,0,3,06/06/2016,06,06,2
VAV_REHEAT_Damper_P,187,VAV_REHEAT_Damper_P,0,4,06/06/2016,06,06,2
VAV_REHEAT_Damper_P,188,VAV_REHEAT_Damper_P,0,5,06/06/2016,06,06,2
VAV_REHEAT_Damper_P,189,VAV_REHEAT_Damper_P,0,6,06/06/2016,06,06,2
VAV_REHEAT_Damper_P,190,VAV_REHEAT_Damper_P,0,7,06/06/2016,06,06,2
VAV_REHEAT_Damper_P,191,VAV_REHEAT_Damper_P,0,8,06/06/2016,06,06,2
VAV_REHEAT_Damper_P,192,VAV_REHEAT_Damper_P,0,9,06/06/2016,06,06,2
VAV_REHEAT_Damper_P,193,VAV_REHEAT_Damper_P,0,12C,06/06/2016,06,06,2
VAV_REHEAT_Damper_P,194,VAV_REHEAT_Damper_P,0,15,06/06/2016,06,06,2
VAV_REHEAT_Damper_P,195,VAV_REHEAT_Damper_P,0,14,06/06/2016,06,06,2
VAV_REHEAT_Damper_P,196,VAV_REHEAT_Damper_P,0,16,06/06/2016,06,06,2
REHEAT_COIL_Power,197,REHEAT_COIL_Power,0,1,06/06/2016,06,06,2
REHEAT_COIL_Power,198,REHEAT_COIL_Power,0,10,06/06/2016,06,06,2
REHEAT_COIL_Power,199,REHEAT_COIL_Power,0,11,06/06/2016,06,06,2
REHEAT_COIL_Power,200,REHEAT_COIL_Power,0,12A,06/06/2016,06,06,2
REHEAT_COIL_Power,201,REHEAT_COIL_Power,0,12B,06/06/2016,06,06,2
REHEAT_COIL_Power,202,REHEAT_COIL_Power,0,14,06/06/2016,06,06,2
REHEAT_COIL_Power,203,REHEAT_COIL_Power,0,15,06/06/2016,06,06,2
REHEAT_COIL_Power,204,REHEAT_COIL_Power,0,16,06/06/2016,06,06,2
REHEAT_COIL_Power,205,REHEAT_COIL_Power,0,2,06/06/2016,06,06,2
REHEAT_COIL_Power,206,REHEAT_COIL_Power,0,3,06/06/2016,06,06,2
REHEAT_COIL_Power,207,REHEAT_COIL_Power,0,4,06/06/2016,06,06,2
REHEAT_COIL_Power,208,REHEAT_COIL_Power,0,5,06/06/2016,06,06,2
REHEAT_COIL_Power,209,REHEAT_COIL_Power,0,6,06/06/2016,06,06,2
REHEAT_COIL_Power,210,REHEAT_COIL_Power,0,7,06/06/2016,06,06,2
REHEAT_COIL_Power,211,REHEAT_COIL_Power,0,8,06/06/2016,06,06,2
REHEAT_COIL_Power,212,REHEAT_COIL_Power,0,9,06/06/2016,06,06,2
RETURN_OUTLET_CO2,213,RETURN_OUTLET_CO2,722,1,06/06/2016,06,06,2
RETURN_OUTLET_CO2,214,RETURN_OUTLET_CO2,943,10,06/06/2016,06,06,2
RETURN_OUTLET_CO2,215,RETURN_OUTLET_CO2,936,12A,06/06/2016,06,06,2
RETURN_OUTLET_CO2,216,RETURN_OUTLET_CO2,944,11,06/06/2016,06,06,2
RETURN_OUTLET_CO2,217,RETURN_OUTLET_CO2,201,12B,06/06/2016,06,06,2
RETURN_OUTLET_CO2,218,RETURN_OUTLET_CO2,946,14,06/06/2016,06,06,2
RETURN_OUTLET_CO2,219,RETURN_OUTLET_CO2,943,15,06/06/2016,06,06,2
RETURN_OUTLET_CO2,220,RETURN_OUTLET_CO2,942,16,06/06/2016,06,06,2
RETURN_OUTLET_CO2,221,RETURN_OUTLET_CO2,730,2,06/06/2016,06,06,2
RETURN_OUTLET_CO2,222,RETURN_OUTLET_CO2,715,3,06/06/2016,06,06,2
RETURN_OUTLET_CO2,223,RETURN_OUTLET_CO2,783,4,06/06/2016,06,06,2
RETURN_OUTLET_CO2,224,RETURN_OUTLET_CO2,662,5,06/06/2016,06,06,2
RETURN_OUTLET_CO2,225,RETURN_OUTLET_CO2,734,6,06/06/2016,06,06,2
RETURN_OUTLET_CO2,226,RETURN_OUTLET_CO2,744,7,06/06/2016,06,06,2
RETURN_OUTLET_CO2,227,RETURN_OUTLET_CO2,803,8,06/06/2016,06,06,2
RETURN_OUTLET_CO2,228,RETURN_OUTLET_CO2,943,9,06/06/2016,06,06,2
SUPPLY_INLET_T,229,SUPPLY_INLET_T,13,1,06/06/2016,06,06,2
SUPPLY_INLET_T,230,SUPPLY_INLET_T,13,10,06/06/2016,06,06,2
SUPPLY_INLET_T,231,SUPPLY_INLET_T,13,12A,06/06/2016,06,06,2
SUPPLY_INLET_T,232,SUPPLY_INLET_T,13,11,06/06/2016,06,06,2
SUPPLY_INLET_T,233,SUPPLY_INLET_T,13,12B,06/06/2016,06,06,2
SUPPLY_INLET_T,234,SUPPLY_INLET_T,13,14,06/06/2016,06,06,2
SUPPLY_INLET_T,235,SUPPLY_INLET_T,13,15,06/06/2016,06,06,2
SUPPLY_INLET_T,236,SUPPLY_INLET_T,13,16,06/06/2016,06,06,2
SUPPLY_INLET_T,237,SUPPLY_INLET_T,13,2,06/06/2016,06,06,2
SUPPLY_INLET_T,238,SUPPLY_INLET_T,13,3,06/06/2016,06,06,2
SUPPLY_INLET_T,239,SUPPLY_INLET_T,13,4,06/06/2016,06,06,2
SUPPLY_INLET_T,240,SUPPLY_INLET_T,13,5,06/06/2016,06,06,2
SUPPLY_INLET_T,241,SUPPLY_INLET_T,13,6,06/06/2016,06,06,2
SUPPLY_INLET_T,242,SUPPLY_INLET_T,13,7,06/06/2016,06,06,2
SUPPLY_INLET_T,243,SUPPLY_INLET_T,13,8,06/06/2016,06,06,2
SUPPLY_INLET_T,244,SUPPLY_INLET_T,13,9,06/06/2016,06,06,2
SUPPLY_INLET_M,245,SUPPLY_INLET_M,0,1,06/06/2016,06,06,2
SUPPLY_INLET_M,246,SUPPLY_INLET_M,0,10,06/06/2016,06,06,2
SUPPLY_INLET_M,247,SUPPLY_INLET_M,0,11,06/06/2016,06,06,2
SUPPLY_INLET_M,248,SUPPLY_INLET_M,0,12A,06/06/2016,06,06,2
SUPPLY_INLET_M,249,SUPPLY_INLET_M,0,12B,06/06/2016,06,06,2
SUPPLY_INLET_M,250,SUPPLY_INLET_M,0,14,06/06/2016,06,06,2
SUPPLY_INLET_M,251,SUPPLY_INLET_M,0,15,06/06/2016,06,06,2
SUPPLY_INLET_M,252,SUPPLY_INLET_M,0,16,06/06/2016,06,06,2
SUPPLY_INLET_M,253,SUPPLY_INLET_M,0,2,06/06/2016,06,06,2
SUPPLY_INLET_M,254,SUPPLY_INLET_M,0,3,06/06/2016,06,06,2
SUPPLY_INLET_M,255,SUPPLY_INLET_M,0,4,06/06/2016,06,06,2
SUPPLY_INLET_M,256,SUPPLY_INLET_M,0,5,06/06/2016,06,06,2
SUPPLY_INLET_M,257,SUPPLY_INLET_M,0,6,06/06/2016,06,06,2
SUPPLY_INLET_M,258,SUPPLY_INLET_M,0,7,06/06/2016,06,06,2
SUPPLY_INLET_M,259,SUPPLY_INLET_M,0,8,06/06/2016,06,06,2
SUPPLY_INLET_M,260,SUPPLY_INLET_M,0,9,06/06/2016,06,06,2
REHEAT_COIL_Power,261,REHEAT_COIL_Power,0,12C,06/06/2016,06,06,2
SUPPLY_INLET_T,262,SUPPLY_INLET_T,13,12C,06/06/2016,06,06,2
SUPPLY_INLET_M,263,SUPPLY_INLET_M,0,12C,06/06/2016,06,06,2
RETURN_OUTLET_CO2,264,RETURN_OUTLET_CO2,936,12C,06/06/2016,06,06,2
Lights_Power,276,Lights_Power,0,1,06/06/2016,06,06,3
Lights_Power,277,Lights_Power,0,10,06/06/2016,06,06,3
Lights_Power,278,Lights_Power,808,11A,06/06/2016,06,06,3
Lights_Power,279,Lights_Power,2079,11B,06/06/2016,06,06,3
Lights_Power,280,Lights_Power,1193,11C,06/06/2016,06,06,3
Lights_Power,281,Lights_Power,0,2,06/06/2016,06,06,3
Lights_Power,282,Lights_Power,0,3,06/06/2016,06,06,3
Lights_Power,283,Lights_Power,0,5,06/06/2016,06,06,3
Lights_Power,284,Lights_Power,0,6,06/06/2016,06,06,3
Lights_Power,285,Lights_Power,0,7,06/06/2016,06,06,3
Lights_Power,286,Lights_Power,0,8,06/06/2016,06,06,3
Lights_Power,287,Lights_Power,0,9,06/06/2016,06,06,3
Equipment_Power,288,Equipment_Power,67,1,06/06/2016,06,06,3
Equipment_Power,289,Equipment_Power,90,10,06/06/2016,06,06,3
Equipment_Power,290,Equipment_Power,601,11A,06/06/2016,06,06,3
Equipment_Power,291,Equipment_Power,1546,11B,06/06/2016,06,06,3
Equipment_Power,292,Equipment_Power,887,11C,06/06/2016,06,06,3
Equipment_Power,293,Equipment_Power,242,2,06/06/2016,06,06,3
Equipment_Power,294,Equipment_Power,106,3,06/06/2016,06,06,3
Equipment_Power,295,Equipment_Power,135,5,06/06/2016,06,06,3
Equipment_Power,296,Equipment_Power,273,6,06/06/2016,06,06,3
Equipment_Power,297,Equipment_Power,45,7,06/06/2016,06,06,3
Equipment_Power,298,Equipment_Power,168,8,06/06/2016,06,06,3
Thermostat_Temp,300,Thermostat_Temp,31,1,06/06/2016,06,06,3
Thermostat_Temp,301,Thermostat_Temp,24,10,06/06/2016,06,06,3
Thermostat_Temp,302,Thermostat_Temp,24,11A,06/06/2016,06,06,3
Thermostat_Temp,303,Thermostat_Temp,24,11B,06/06/2016,06,06,3
Thermostat_Temp,304,Thermostat_Temp,24,11C,06/06/2016,06,06,3
Thermostat_Temp,305,Thermostat_Temp,24,2,06/06/2016,06,06,3
Thermostat_Temp,306,Thermostat_Temp,24,3,06/06/2016,06,06,3
Thermostat_Temp,307,Thermostat_Temp,24,5,06/06/2016,06,06,3
Thermostat_Temp,308,Thermostat_Temp,24,6,06/06/2016,06,06,3
Thermostat_Temp,309,Thermostat_Temp,24,7,06/06/2016,06,06,3
Thermostat_Temp,310,Thermostat_Temp,24,8,06/06/2016,06,06,3
Thermostat_Temp,311,Thermostat_Temp,19,9,06/06/2016,06,06,3
Thermostat_Heating_S,312,Thermostat_Heating_S,32,1,06/06/2016,06,06,3
Thermostat_Heating_S,313,Thermostat_Heating_S,24,10,06/06/2016,06,06,3
Thermostat_Heating_S,314,Thermostat_Heating_S,24,11B,06/06/2016,06,06,3
Thermostat_Heating_S,315,Thermostat_Heating_S,24,11A,06/06/2016,06,06,3
Thermostat_Heating_S,316,Thermostat_Heating_S,24,11C,06/06/2016,06,06,3
Thermostat_Heating_S,317,Thermostat_Heating_S,24,2,06/06/2016,06,06,3
Thermostat_Heating_S,318,Thermostat_Heating_S,24,5,06/06/2016,06,06,3
Thermostat_Heating_S,319,Thermostat_Heating_S,24,3,06/06/2016,06,06,3
Thermostat_Heating_S,320,Thermostat_Heating_S,24,6,06/06/2016,06,06,3
Thermostat_Heating_S,321,Thermostat_Heating_S,24,7,06/06/2016,06,06,3
Thermostat_Heating_S,322,Thermostat_Heating_S,24,8,06/06/2016,06,06,3
Thermostat_Heating_S,323,Thermostat_Heating_S,18,9,06/06/2016,06,06,3
Thermostat_Cooling_S,324,Thermostat_Cooling_S,35,1,06/06/2016,06,06,3
Thermostat_Cooling_S,325,Thermostat_Cooling_S,24,10,06/06/2016,06,06,3
Thermostat_Cooling_S,326,Thermostat_Cooling_S,24,11A,06/06/2016,06,06,3
Thermostat_Cooling_S,327,Thermostat_Cooling_S,24,11B,06/06/2016,06,06,3
Thermostat_Cooling_S,328,Thermostat_Cooling_S,24,11C,06/06/2016,06,06,3
Thermostat_Cooling_S,329,Thermostat_Cooling_S,24,2,06/06/2016,06,06,3
Thermostat_Cooling_S,330,Thermostat_Cooling_S,24,3,06/06/2016,06,06,3
Thermostat_Cooling_S,331,Thermostat_Cooling_S,24,5,06/06/2016,06,06,3
Thermostat_Cooling_S,332,Thermostat_Cooling_S,24,6,06/06/2016,06,06,3
Thermostat_Cooling_S,333,Thermostat_Cooling_S,24,7,06/06/2016,06,06,3
Thermostat_Cooling_S,334,Thermostat_Cooling_S,24,8,06/06/2016,06,06,3
Thermostat_Cooling_S,335,Thermostat_Cooling_S,21,9,06/06/2016,06,06,3
VAV_REHEAT_Damper_P,336,VAV_REHEAT_Damper_P,1,1,06/06/2016,06,06,3
VAV_REHEAT_Damper_P,337,VAV_REHEAT_Damper_P,1,10,06/06/2016,06,06,3
VAV_REHEAT_Damper_P,338,VAV_REHEAT_Damper_P,1,11A,06/06/2016,06,06,3
VAV_REHEAT_Damper_P,339,VAV_REHEAT_Damper_P,1,11B,06/06/2016,06,06,3
VAV_REHEAT_Damper_P,340,VAV_REHEAT_Damper_P,1,11C,06/06/2016,06,06,3
VAV_REHEAT_Damper_P,341,VAV_REHEAT_Damper_P,1,2,06/06/2016,06,06,3
VAV_REHEAT_Damper_P,342,VAV_REHEAT_Damper_P,1,3,06/06/2016,06,06,3
VAV_REHEAT_Damper_P,343,VAV_REHEAT_Damper_P,1,5,06/06/2016,06,06,3
VAV_REHEAT_Damper_P,344,VAV_REHEAT_Damper_P,1,6,06/06/2016,06,06,3
VAV_REHEAT_Damper_P,345,VAV_REHEAT_Damper_P,1,7,06/06/2016,06,06,3
VAV_Damper_P,346,VAV_Damper_P,1,9,06/06/2016,06,06,3
VAV_REHEAT_Damper_P,347,VAV_REHEAT_Damper_P,1,8,06/06/2016,06,06,3
REHEAT_COIL_Power,348,REHEAT_COIL_Power,4070,1,06/06/2016,06,06,3
REHEAT_COIL_Power,349,REHEAT_COIL_Power,953,10,06/06/2016,06,06,3
REHEAT_COIL_Power,350,REHEAT_COIL_Power,614,11A,06/06/2016,06,06,3
REHEAT_COIL_Power,351,REHEAT_COIL_Power,957,11B,06/06/2016,06,06,3
REHEAT_COIL_Power,352,REHEAT_COIL_Power,727,11C,06/06/2016,06,06,3
REHEAT_COIL_Power,353,REHEAT_COIL_Power,3637,2,06/06/2016,06,06,3
REHEAT_COIL_Power,354,REHEAT_COIL_Power,1046,3,06/06/2016,06,06,3
REHEAT_COIL_Power,355,REHEAT_COIL_Power,302,5,06/06/2016,06,06,3
REHEAT_COIL_Power,356,REHEAT_COIL_Power,4415,6,06/06/2016,06,06,3
REHEAT_COIL_Power,357,REHEAT_COIL_Power,1548,7,06/06/2016,06,06,3
REHEAT_COIL_Power,358,REHEAT_COIL_Power,4969,8,06/06/2016,06,06,3
REHEAT_COIL_Power,359,REHEAT_COIL_Power,0,12,06/06/2016,06,06,3
RETURN_OUTLET_CO2,360,RETURN_OUTLET_CO2,404,1,06/06/2016,06,06,3
RETURN_OUTLET_CO2,361,RETURN_OUTLET_CO2,405,10,06/06/2016,06,06,3
RETURN_OUTLET_CO2,362,RETURN_OUTLET_CO2,405,11A,06/06/2016,06,06,3
RETURN_OUTLET_CO2,363,RETURN_OUTLET_CO2,404,11B,06/06/2016,06,06,3
RETURN_OUTLET_CO2,364,RETURN_OUTLET_CO2,405,11C,06/06/2016,06,06,3
RETURN_OUTLET_CO2,365,RETURN_OUTLET_CO2,404,2,06/06/2016,06,06,3
RETURN_OUTLET_CO2,366,RETURN_OUTLET_CO2,405,3,06/06/2016,06,06,3
RETURN_OUTLET_CO2,367,RETURN_OUTLET_CO2,405,5,06/06/2016,06,06,3
RETURN_OUTLET_CO2,368,RETURN_OUTLET_CO2,404,6,06/06/2016,06,06,3
RETURN_OUTLET_CO2,369,RETURN_OUTLET_CO2,404,7,06/06/2016,06,06,3
RETURN_OUTLET_CO2,370,RETURN_OUTLET_CO2,404,8,06/06/2016,06,06,3
RETURN_OUTLET_CO2,371,RETURN_OUTLET_CO2,404,9,06/06/2016,06,06,3
SUPPLY_INLET_T,372,SUPPLY_INLET_T,37,1,06/06/2016,06,06,3
SUPPLY_INLET_T,373,SUPPLY_INLET_T,20,10,06/06/2016,06,06,3
SUPPLY_INLET_T,374,SUPPLY_INLET_T,15,11A,06/06/2016,06,06,3
SUPPLY_INLET_T,375,SUPPLY_INLET_T,15,11B,06/06/2016,06,06,3
SUPPLY_INLET_T,376,SUPPLY_INLET_T,15,11C,06/06/2016,06,06,3
SUPPLY_INLET_T,377,SUPPLY_INLET_T,22,2,06/06/2016,06,06,3
SUPPLY_INLET_T,378,SUPPLY_INLET_T,20,3,06/06/2016,06,06,3
SUPPLY_INLET_T,379,SUPPLY_INLET_T,16,5,06/06/2016,06,06,3
SUPPLY_INLET_T,380,SUPPLY_INLET_T,22,6,06/06/2016,06,06,3
SUPPLY_INLET_T,381,SUPPLY_INLET_T,23,7,06/06/2016,06,06,3
SUPPLY_INLET_T,382,SUPPLY_INLET_T,23,8,06/06/2016,06,06,3
SUPPLY_INLET_T,383,SUPPLY_INLET_T,13,9,06/06/2016,06,06,3
SUPPLY_INLET_M,384,SUPPLY_INLET_M,0,1,06/06/2016,06,06,3
SUPPLY_INLET_M,385,SUPPLY_INLET_M,0,10,06/06/2016,06,06,3
SUPPLY_INLET_M,386,SUPPLY_INLET_M,0,11A,06/06/2016,06,06,3
SUPPLY_INLET_M,387,SUPPLY_INLET_M,0,11B,06/06/2016,06,06,3
SUPPLY_INLET_M,388,SUPPLY_INLET_M,0,11C,06/06/2016,06,06,3
SUPPLY_INLET_M,389,SUPPLY_INLET_M,0,2,06/06/2016,06,06,3
SUPPLY_INLET_M,390,SUPPLY_INLET_M,0,3,06/06/2016,06,06,3
SUPPLY_INLET_M,391,SUPPLY_INLET_M,0,5,06/06/2016,06,06,3
SUPPLY_INLET_M,392,SUPPLY_INLET_M,0,6,06/06/2016,06,06,3
SUPPLY_INLET_M,393,SUPPLY_INLET_M,0,7,06/06/2016,06,06,3
SUPPLY_INLET_M,394,SUPPLY_INLET_M,0,8,06/06/2016,06,06,3
SUPPLY_INLET_M,395,SUPPLY_INLET_M,4,9,06/06/2016,06,06,3